number,industry,website_name,website_url,useful_signal_or_workflow,access_status,source_url
1,Cocoa production and commodity trade,AFEX,https://www.afex.africa/,Use dated commodity information for owner-led market research,Private company information/manual handoff; integration unverified,https://www.afex.africa/blog/demystifying-agricultural-commodities-trading
2,Cashew processing and commodity trade,AFEX,https://www.afex.africa/,Prepare owner-approved supply-chain research from published commodity coverage,Private company information/manual handoff; integration unverified,https://www.afex.africa/blog/demystifying-agricultural-commodities-trading
3,Sesame farming and commodity trade,AFEX,https://www.afex.africa/,Save relevant dated crop reports for business planning,Private company reports/manual handoff; integration unverified,https://www.afex.africa/reports/special/afex-annual-commodties-review-and-outlook-report
4,Ginger farming and commodity trade,AFEX,https://www.afex.africa/,Use crop coverage to refine owner-led supplier research,Private company information/manual handoff; integration unverified,https://www.afex.africa/blog/demystifying-agricultural-commodities-trading
5,Maize farming and commodity trade,AFEX,https://www.afex.africa/,Review dated crop-production reports before supply-chain planning,Private company reports/manual handoff; integration unverified,https://www.afex.africa/reports/special/afex-annual-commodties-review-and-outlook-report
6,Paddy-rice farming and commodity trade,AFEX,https://www.afex.africa/,Use published commodity coverage to prepare a research checklist,Private company information/manual handoff; integration unverified,https://www.afex.africa/blog/demystifying-agricultural-commodities-trading
7,Soybean farming and commodity trade,AFEX,https://www.afex.africa/,Review dated crop information and hand off to provider contact,Private company reports/manual handoff; integration unverified,https://www.afex.africa/reports/special/afex-annual-commodties-review-and-outlook-report
8,Sorghum farming and commodity trade,AFEX,https://www.afex.africa/,Attach dated market resources to an owner-approved trading plan,Private company information/manual handoff; integration unverified,https://www.afex.africa/blog/demystifying-agricultural-commodities-trading
9,Farm-equipment sales and mechanization services,Hello Tractor,https://hellotractor.com/marketplace,Compare equipment listings and manually contact the chosen seller,Public private marketplace; account needed for some features; integration unverified,https://hellotractor.com/marketplace
10,Tractor operators and agricultural equipment careers,Hello Tractor Operators,https://operators.hellotractor.com/,Filter operator requirements and hand off to the hiring portal,Public private professional portal/manual handoff; integration unverified,https://operators.hellotractor.com/
11,Smallholder farming and agribusiness supply chains,ThriveAgric,https://thriveagric.com/,Help owners assess input support and producer-partner requirements,Private company information/manual contact; integration unverified,https://thriveagric.com/
12,Wholesale food supply and procurement,Vendease,https://www.vendease.com/,Prepare a food-sourcing shortlist and hand off to the catalogue,Public private catalogue/manual handoff; purchasing requires owner action; integration unverified,https://www.vendease.com/
13,Packaged-food manufacturing,MAN,https://www.manufacturersnigeria.org/SectoralGroups,Route owners to relevant sector-membership information,Private association directory/manual handoff; integration unverified,https://www.manufacturersnigeria.org/SectoralGroups
14,Beverage manufacturing,MAN,https://www.manufacturersnigeria.org/SectoralGroups,Save relevant sector updates for owner review,Private association directory/manual handoff; integration unverified,https://www.manufacturersnigeria.org/SectoralGroups
15,Textile production,MAN,https://www.manufacturersnigeria.org/SectoralGroups,Hand off to the relevant manufacturing group,Private association directory/manual handoff; integration unverified,https://www.manufacturersnigeria.org/SectoralGroups
16,Apparel and garment manufacturing,MAN,https://www.manufacturersnigeria.org/SectoralGroups,Prepare owner-approved peer and sector research,Private association directory/manual handoff; integration unverified,https://www.manufacturersnigeria.org/SectoralGroups
17,Leather processing,MAN,https://www.manufacturersnigeria.org/SectoralGroups,Link sector support to an export-readiness task,Private association directory/manual handoff; integration unverified,https://www.manufacturersnigeria.org/SectoralGroups
18,Footwear manufacturing,MAN,https://www.manufacturersnigeria.org/SectoralGroups,Guide sector-group discovery and manual contact,Private association directory/manual handoff; integration unverified,https://www.manufacturersnigeria.org/SectoralGroups
19,Plastic-product manufacturing,MAN,https://www.manufacturersnigeria.org/SectoralGroups,Route manufacturing questions to the relevant group,Private association directory/manual handoff; integration unverified,https://www.manufacturersnigeria.org/SectoralGroups
20,Rubber-product manufacturing,MAN,https://www.manufacturersnigeria.org/SectoralGroups,Use sector information for owner-led partner research,Private association directory/manual handoff; integration unverified,https://www.manufacturersnigeria.org/SectoralGroups
21,Foam-product manufacturing,MAN,https://www.manufacturersnigeria.org/SectoralGroups,Identify relevant support channels for manual follow-up,Private association directory/manual handoff; integration unverified,https://www.manufacturersnigeria.org/SectoralGroups
22,Paint manufacturing,MAN,https://www.manufacturersnigeria.org/SectoralGroups,Save relevant manufacturing support links,Private association directory/manual handoff; integration unverified,https://www.manufacturersnigeria.org/SectoralGroups
23,Detergent manufacturing,MAN,https://www.manufacturersnigeria.org/SectoralGroups,Guide owners to relevant sector guidance,Private association directory/manual handoff; integration unverified,https://www.manufacturersnigeria.org/SectoralGroups
24,Paper and pulp manufacturing,MAN,https://www.manufacturersnigeria.org/SectoralGroups,Build an owner-approved industry-research checklist,Private association directory/manual handoff; integration unverified,https://www.manufacturersnigeria.org/SectoralGroups
25,Commercial printing services,MAN,https://www.manufacturersnigeria.org/SectoralGroups,Hand off to sector information and participation,Private association directory/manual handoff; integration unverified,https://www.manufacturersnigeria.org/SectoralGroups
26,Furniture manufacturing,MAN,https://www.manufacturersnigeria.org/SectoralGroups,Connect owner tasks to relevant sector resources,Private association directory/manual handoff; integration unverified,https://www.manufacturersnigeria.org/SectoralGroups
27,Cement glass and ceramics manufacturing,MAN,https://www.manufacturersnigeria.org/SectoralGroups,Guide building-material sector research and manual follow-up,Private association directory/manual handoff; integration unverified,https://www.manufacturersnigeria.org/SectoralGroups
28,Construction-material procurement,Cutstruct,https://cutstruct.com/,Prepare a materials list and hand off to provider procurement,Public private company portal/manual handoff; integration unverified,https://cutstruct.com/
29,Construction contracting and civil engineering,Julius Berger Nigeria,https://www.julius-berger.com/,Research published projects and service fit before owner-approved contact,Public private company information/manual handoff; integration unverified,https://www.julius-berger.com/
30,Quantity surveying and construction cost professionals,NIQS,https://www.niqs.org.ng/,Hand off to the association's qualified-surveyor search,Private professional association indexed; live page content limited; integration unverified,https://www.niqs.org.ng/
31,Residential-property sales and agency,Nigeria Property Centre,https://nigeriapropertycentre.com/,Save relevant sale listings for manual property-provider enquiries,Public private marketplace/manual handoff; integration unverified,https://nigeriapropertycentre.com/
32,Residential-property rentals and letting,PropertyPro,https://propertypro.ng/,Guide location and budget searches with owner-approved enquiries,Public private marketplace; some saved features require account; integration unverified,https://propertypro.ng/
33,Commercial-property agency and leasing,Nigeria Property Centre,https://nigeriapropertycentre.com/,Refine commercial-space requirements and hand off to listing enquiry,Public private marketplace/manual handoff; integration unverified,https://nigeriapropertycentre.com/
34,Shortlet-property operators,Nigeria Property Centre,https://nigeriapropertycentre.com/,Compare shortlet listings and manually contact selected operators,Public private marketplace/manual handoff; integration unverified,https://nigeriapropertycentre.com/
35,Real-estate research and development intelligence,Estate Intel,https://estateintel.com/,Use project reports for owner-led service-fit research,Public private company information; detailed reports may be paid; integration unverified,https://estateintel.com/
36,Online payment services,Paystack,https://paystack.com,Use merchant-authorized transaction events for receipt follow-ups and repeat-customer segmentation; no access to other merchants' customers.,Documented payments API; merchant authorization and implementation required; not connected.,https://paystack.com/docs/api/
37,Subscription and membership businesses,Paystack,https://paystack.com,Use the owner's subscription and payment history to suggest renewal or failed-payment follow-ups after permission.,Documented payments API and recurring payments; merchant authorization required; not connected.,https://paystack.com/docs/api/
38,Cross-border commerce payment services,Flutterwave,https://flutterwave.com/ng,Reconcile owner-authorized payments across markets and prepare service follow-ups from actual transaction status.,Documented payment APIs; authorized merchant credentials and implementation required; not connected.,https://developer.flutterwave.com
39,Professional invoicing services,Flutterwave,https://flutterwave.com/ng,Help a business owner organise its own invoices and follow-up tasks; payment records are not public prospect data.,Official invoice product and payment API verified; exact invoice access must be confirmed; not connected.,https://flutterwave.com/ng
40,SME bookkeeping and business administration,Bumpa,https://www.getbumpa.com,Use owner-supplied sales and expense records to prioritise reconciliation and approved customer follow-ups.,Official sales and expense tools verified; integration enquiry offered; no public GTM API verified; not connected.,https://www.getbumpa.com
41,Financial literacy coaching,PiggyVest,https://www.piggyvest.com,Use public financial education resources to plan relevant educational content; never infer prospects from private saving balances.,Public educational resources verified; manual research only; no access to private account data; not connected.,https://www.piggyvest.com
42,Wealth education and investment advisory,Cowrywise,https://help.cowrywise.com/en/collections/780718-about-cowrywise,Review public savings and mutual-fund education when developing a service offer; do not mine investor account data.,Official help pages verified; manual public research only; advisory permission and any partner access require confirmation; not connected.,https://help.cowrywise.com/en/articles/1698564-what-is-cowrywise
43,Private law firms,LawPavilion,https://www.lawpavilion.com,Use public product information and the firm's own enquiry list to organise legal-service follow-ups; no client case mining.,Official private legal-software pages verified; no public GTM API verified; owned imports or agreed integration only; not connected.,https://www.lawpavilion.com
44,Accounting and tax advisory firms,Deloitte Nigeria,https://www.deloitte.com/ng/en.html,Review published service lines and business insights to refine company-level fit and prepare a relevant service proposition.,Official Nigeria service pages verified; manual public research only; no prospect API verified; not connected.,https://www.deloitte.com/ng/en.html
45,Business and management consulting,EY Nigeria,https://www.ey.com/en_ng,Use public corporate services and insights for account research; record source dates and verify needs before outreach.,Official Nigeria pages verified; manual public research only; no prospect API verified; not connected.,https://www.ey.com/en_ng
46,Private nursery schools,Edves Nigeria,https://www.edves.ng,Support a school's own admissions-enquiry follow-ups using authorised exports; exclude pupil records from GTM prospecting.,Private education-software company verified; school-controlled exports described; no public prospect API verified; not connected.,https://www.edves.ng/about-edves/
47,Private primary schools,Edves Nigeria,https://www.edves.ng,Organise owner-authorised parent admission enquiries and school business tasks; never turn student data into a lead list.,School-management and owned-data export options documented; permission and import implementation required; not connected.,https://www.edves.ng
48,Private secondary schools,Edves Nigeria,https://www.edves.ng,Use a school's supplied business enquiries to prepare admission reminders and relevant company-level service proposals.,Private-school support documented; owned exports only after authorisation; no prospect connector implemented.,https://www.edves.ng/about-edves/
49,Private online tutoring services,uLesson,https://ulesson.com,Review public learning products and school offerings; use only adult-authorised business enquiries for follow-ups.,Official Nigerian learning and school products verified; no public GTM API verified; manual research or authorised imports; not connected.,https://ulesson.com
50,Technology bootcamps and adult skills training,AltSchool Africa,https://altschoolafrica.com,Review current programme and enterprise-training pages to build a relevant offer; track the owner's actual course enquiries.,Official private training platform verified; no public GTM prospect API verified; agreed access or authorised imports only; not connected.,https://altschoolafrica.com
51,Private hospitals,Helium Health,https://heliumhealth.com/helium-os/,Research facility software needs using public product information and owner-supplied business enquiries; exclude patient data.,Private health-software company and integrations documented; contract and scope needed; no Pull connector implemented.,https://heliumhealth.com/helium-os/
52,Private outpatient clinics,Helium Health,https://heliumhealth.com/helium-doc/,Review public doctor-booking service information and handle a clinic's own non-clinical partnership enquiries.,Official doctor-booking pages verified; no public GTM API verified; organisation consent and agreed scope required; not connected.,https://heliumhealth.com/helium-doc/
53,Private diagnostic laboratories,Helium Health,https://heliumhealth.com/helium-os/,Assess laboratory workflow software from public e-lab and LIS integration descriptions; use business enquiries without results or patient identifiers.,Laboratory workflow and LIS integration described; vendor agreement needed; no public prospect access verified; not connected.,https://heliumhealth.com/helium-os/
54,Private telemedicine providers,Helium Health,https://heliumhealth.com/helium-os/,Use public telemedicine capabilities for service research and clinic-owned business follow-ups; never prospect from health consultations.,Telemedicine product documented; no public GTM API verified; authorised business records only; not connected.,https://heliumhealth.com/helium-os/
55,Private community pharmacies,HealthPlus,https://healthplusnigeria.com,Review public store and service pages for company research; organise a pharmacy owner's approved supplier enquiries without prescription data.,Official private pharmacy pages verified; no public GTM API verified; business-authorised imports only; not connected.,https://healthplusnigeria.com
56,Employer health-benefit services,Reliance Health Nigeria,https://getreliancehealth.com/nigeria/,Use public employer-plan details to refine B2B offers and manage an owner's actual benefit enquiries without health or claims data.,Official employer-plan and admin portals verified; no prospect API verified; contract and authorised access required; not connected.,https://getreliancehealth.com/nigeria/
57,Brand advertising and digital media,Pulse Nigeria,https://www.pulse.ng,Use dated public brand announcements and editorial topics for account research; verify buying need independently.,Official private publisher pages verified; manual public research only; no public GTM API verified; not connected.,https://www.pulse.ng
58,Wedding photography and creative services,BellaNaija Weddings,https://www.bellanaijaweddings.com,Review published wedding creative work for service-fit research; confirm vendor business details and never infer couples' purchase intent.,Official private wedding-media pages verified; manual research only; no prospect API verified; not connected.,https://www.bellanaijaweddings.com
59,Fashion content and lifestyle publishing,BellaNaija,https://www.bellanaija.com,Review public fashion and lifestyle coverage for content planning and business collaboration research; validate company facts separately.,Official private publisher pages verified; manual public research only; no prospect API verified; not connected.,https://www.bellanaija.com
60,Private film production studios,EbonyLife Studios,https://ebonylifestudios.com,Review published film projects and production service information for possible business partnerships; announcements do not prove buying intent.,Official Nigerian private studio pages verified; manual public research only; no prospect API verified; not connected.,https://ebonylifestudios.com
61,Television and streaming content production,EbonyLife Studios,https://ebonylifestudios.com,Use public series and content-submission information to prepare relevant licensing or production proposals for user review.,Official studio and content-submission pages verified; manual handoff only; no public GTM API verified; not connected.,https://ebonylifestudios.com
62,Private hotels,Eko Hotels & Suites,https://www.ekohotels.com,Review public rooms and business amenities for account research; manage the owner's actual group-booking enquiries.,Official private hotel pages verified; booking partner link exists; no hotel GTM API verified; not connected.,https://www.ekohotels.com
63,Hospitality suites and extended-stay accommodation,Eko Hotels & Suites,https://www.ekohotels.com,Review published suite offerings and prepare follow-ups from owner-supplied accommodation enquiries; no guest-data extraction.,Official suites and reservation pages verified; manual research or authorised imports only; no public GTM API verified; not connected.,https://www.ekohotels.com
64,Conference venues and banqueting services,Eko Hotels & Suites,https://www.ekohotels.com/meeting-and-events.php,Compare public venue capabilities with an event brief and organise a venue owner's actual corporate enquiries.,Official meetings and events pages verified; manual handoff or authorised import; no public GTM API verified; not connected.,https://www.ekohotels.com/meeting-and-events.php
65,Private tour operators and travel agencies,Wakanow,https://www.wakanow.com,Review public destination packages and business travel offerings; use an agent's own enquiry list for approved follow-ups.,Official Nigerian private travel service verified; affiliate and corporate links offered; access terms and API require confirmation; not connected.,https://www.wakanow.com
66,Residential accommodation booking platforms,Spleet,https://spleet.africa,Review public booking and host tools; organise owner-supplied accommodation enquiries without extracting guest data.,Official shortlet and host products verified; no public GTM API verified; host-authorised access or imports only; not connected.,https://spleet.africa
67,Private recruitment agencies,Jobberman,https://www.jobberman.com,Use dated employer vacancies to identify a hiring requirement and shortlist relevant private companies; confirm current vacancies and role relevance.,Official job search and employer products verified; manual public links and platform alerts only; no public prospect API verified; not connected.,https://www.jobberman.com
68,Executive search services,Jobberman,https://www.jobberman.com,Review public senior hiring and executive recruitment offerings; treat vacancies as hiring signals rather than general software-buying intent.,Executive recruitment product verified; employer permission needed for private candidate records; no Pull connector implemented.,https://www.jobberman.com
69,Career coaching and CV writing,MyJobMag,https://www.myjobmag.com/cv-rewrite,Use public job requirements and service information to guide career work; follow up only on clients' own enquiries with consent.,Official Nigerian CV-writing and career platform verified; manual public research or authorised client imports; not connected.,https://www.myjobmag.com/cv-rewrite
70,HR and payroll outsourcing firms,Phillips Outsourcing,https://phillipsoutsourcing.net,Review public HR and outsourcing services for company fit; use the owner's business enquiry records to prepare reviewed follow-ups.,Official private outsourcing company verified and linked by Phillips Consulting; no public GTM API verified; not connected.,https://phillipsoutsourcing.net
71,Mobile connectivity and business communications,MTN Nigeria,https://www.mtn.ng/,Organise actual business enquiries by service location and communications need; link to the provider's own business workflow,Private company website; manual handoff; third-party access unverified; not connected,https://www.mtn.ng/contact/
72,Fibre internet installation and ISP services,ipNX Nigeria,https://www.ipnxnigeria.net/,Use the provider's coverage handoff to confirm a customer's address before preparing a useful next action,Private company pages indexed; initial live retrieval failed; integration unverified; not connected,https://www.ipnxnigeria.net/enterprise/
73,Wholesale fibre and enterprise connectivity,MainOne,https://www.mainone.net/,Use published service context to qualify owner-supplied enterprise enquiries; retain actual bandwidth and location requirements,Private company publication verified; homepage live fetch blocked; API and integration unverified; not connected,https://www.mainone.net/wp-content/uploads/2020/02/MainOne-Connectivity-Service-Service-Level-Agreement-V6.1-April-2018.pdf
74,Cloud hosting and data-centre colocation,Rack Centre,https://rack-centre.com/,Prepare an enquiry checklist from actual hosting requirements; separate service compatibility from assumed purchase intent,Private company pages verified through official indexed content; integration unverified; not connected,https://rack-centre.com/about-rack-centre/
75,Cybersecurity and digital trust services,Cybervergent,https://cybervergent.com/,Organise existing customers' requested security reviews and renewal tasks; require authorization before accessing their systems,Private service website; provider access and third-party API unverified; not connected,https://cybervergent.com/
76,Contact-centre and business process outsourcing,Outsource Global,https://www.outsourceglobal.com/,Qualify actual outsourcing enquiries by language and hours; prepare owner-approved follow-ups from their own pipeline,Private company service information; manual handoff; integration unverified; not connected,https://www.outsourceglobal.com/services
77,Residential solar installation,Arnergy,https://www.arnergy.com/,Guide an installer through an owner-received enquiry using the customer's supplied load and budget requirements,Private company website; owner data/manual handoff; monitoring API unverified; not connected,https://www.arnergy.com/
78,Commercial solar and hybrid power services,Daystar Power,https://www.daystar-power.com/en/,Track real commercial energy-audit requests and follow-up dates; use published service context without inventing savings,Private company website; manual service handoff; integration unverified; not connected,https://www.daystar-power.com/en/
79,Battery storage and inverter solutions,Arnergy,https://www.arnergy.com/,Follow up on owner-recorded installation and maintenance dates; qualify a storage enquiry using supplied requirements,Private company website; owner data/manual handoff; monitoring API unverified; not connected,https://www.arnergy.com/
80,Industrial natural gas distribution,Axxela,https://axxelagroup.com/,Prepare a service enquiry from the owner's actual facility location and gas needs; keep confidential consumption data owner-authorized,Private company service website; manual handoff; integration unverified; not connected,https://axxelagroup.com/
81,Independent oil and gas production services,Seplat Energy,https://www.seplatenergy.com/,Use dated company project information for relevant account research; require a real need before proposing supplier outreach,Private company website; public company context/manual research; integration unverified; not connected,https://www.seplatenergy.com/
82,Oilfield engineering procurement and construction,Nestoil,https://nestoilgroup.com/nestoil/,Use published project context to prepare owner-reviewed capability matching; project announcements are not purchase requests,Private company website; manual research; third-party integration unverified; not connected,https://nestoilgroup.com/impac-nestoil/nestoil-projects/
83,LPG retail and distribution,NIPCO,https://nipcoplc.com/,Organise real stock and delivery enquiries from the business owner's customers; link useful supplier-service information,Private company website; manual supplier handoff; integration unverified; not connected,https://nipcoplc.com/
84,CNG refuelling and conversion services,NIPCO,https://nipcoplc.com/,Qualify owner-received fleet enquiries by location and vehicle needs; schedule user-entered appointment follow-ups,Private company website; manual service handoff; third-party access unverified; not connected,https://nipcoplc.com/
85,Gold mining and exploration businesses,Thor Explorations,https://thorexpl.com/,Attach dated private-company project context to a relevant supplier-research task; do not infer a tender from a mine announcement,Private company website; public project information/manual research; integration unverified; not connected,https://thorexpl.com/
86,Mineral processing and metals trading,Kian Smith,https://kiansmith.com/,Organise actual commodity enquiries by grade and quantity; use company service information for manual counterparty research,Private company website; manual research and owner-authorized data; integration unverified; not connected,https://kiansmith.com/
87,Vehicle assembly and dealer supply,Innoson Vehicle Manufacturing,https://www.innosonvehicles.com/,Prepare an owner-led dealer enquiry using actual vehicle requirements; link to the manufacturer's own contact workflow,Private manufacturer website; manual dealer handoff; API access unverified; not connected,https://www.innosonvehicles.com/contact/
88,Vehicle finance and automotive sales agents,Autochek Nigeria,https://autochek.africa/ng,Organise owner-consented buyer enquiries and dealer follow-ups; finance eligibility must come from the actual provider,Private automotive platform; user account/provider approval as applicable; third-party integration unverified; not connected,https://autochek.africa/ng/faq
89,Used-car dealership and vehicle inspection,Cars45,https://www.cars45.com/,Help an owner review a sourced vehicle listing and a real enquiry; a car for sale is inventory rather than a buyer signal,Private marketplace; manual link and dealer handoff; automated access unverified; not connected,https://www.cars45.com/
90,Automotive maintenance and after-sales workshops,Autochek Nigeria,https://www.autochek.africa/ng/about-us,Track owner-provided maintenance due dates and customer requests; prepare useful appointment reminders for review,Private service-platform information; partner access unverified; not connected,https://www.autochek.africa/ng/about-us
91,Domestic express parcel delivery,GIG Logistics,https://giglogistics.com/,Track owner-supplied shipment references and delivery enquiry follow-ups; hand off to the provider's tracking workflow,Private logistics website/account workflow; API and integration unverified; not connected,https://giglogistics.com/
92,E-commerce shipping and fulfilment,Shipbubble API Documentation,https://docs.shipbubble.com/,"After authorization, use the owner's actual shipment events to prepare delivery-exception follow-ups",Documented REST API; owner account/API enablement and secret key required; implementation pending; not connected,https://docs.shipbubble.com/get-started
93,Heavy haulage and truck logistics,Red Star Logistics,https://redstarplc.com/subsidiaries/,Qualify actual haulage enquiries by route and load; retain owner-supplied transport requirements and follow-up dates,Private company service information; manual handoff; integration unverified; not connected,https://redstarplc.com/subsidiaries/
94,Last-mile delivery and dispatch riders,Kwik,https://kwik.delivery/,Prepare pickup and customer follow-up tasks from owner-authorized order records; use approved provider events if access is granted,Private provider advertises API/plugins; credentials and detailed access unverified; implementation pending; not connected,https://kwik.delivery/
95,Air freight forwarding and cargo agencies,Red Star Freight,https://rsf.redstarplc.com/services/,Organise genuine cargo enquiries by route and delivery date; prepare owner-reviewed shipment-status follow-ups,Private company service website; manual workflow; advertised integration access untested; not connected,https://rsf.redstarplc.com/services/
96,Ship repair and marine service businesses,Nigerdock,https://nigerdock.com/,Use private marine-service context for account research; turn owner-received vessel-service requests into follow-up tasks,Private company website; public service context/manual handoff; integration unverified; not connected,https://nigerdock.com/
97,Warehousing and inventory logistics,Red Star Logistics,https://redstarplc.com/subsidiaries/,Qualify actual storage enquiries by goods and space needs; use only the owner's authorized inventory information,Private company service information; manual handoff; integration unverified; not connected,https://redstarplc.com/subsidiaries/
98,Recycling collection businesses,Wecyclers,https://wecyclers.com/,Schedule follow-up tasks from owner-consented collection requests; keep actual materials and collection locations visible,Private business website; manual service handoff; third-party integration unverified; not connected,https://wecyclers.com/
99,Electronic waste recovery and technology refurbishment,Hinckley Recycling,https://hinckley-recycling.com/,Organise customer-approved equipment collection and refurbishment enquiries; retain actual asset notes and service dates,Private recycling company website; owner data/manual handoff; integration unverified; not connected,https://hinckley-recycling.com/
100,Independent retail and classified-ad sellers,Jiji Nigeria,https://jiji.ng/,Guide the owner to saved searches and source-link handoffs; separate seller inventory from actual customer enquiries,Private marketplace; native alerts/manual handoff; public prospect API not found; approved access needed for sync; not connected,https://jiji.ng/faq/saved-searches
